{
  "_type": "export",
  "__export_format": 4,
  "__export_date": "2020-05-12T15:54:16.922Z",
  "__export_source": "insomnia.desktop.app:v7.1.1",
  "resources": [
    {
      "_id": "req_881bdb8aedd749369695e58684b55445",
      "authentication": {},
      "body": {},
      "created": 1589192304235,
      "description": "",
      "headers": [],
      "isPrivate": false,
      "metaSortKey": -1589192304235,
      "method": "GET",
      "modified": 1589296400287,
      "name": "Get Application List",
      "parameters": [],
      "parentId": "wrk_3928f2c8ba554f3fa44e12669e58b9ff",
      "settingDisableRenderRequestBody": false,
      "settingEncodeUrl": true,
      "settingFollowRedirects": "global",
      "settingRebuildPath": true,
      "settingSendCookies": true,
      "settingStoreCookies": true,
      "url": "http://localhost:8080/powerauth-push-server/admin/app/list",
      "_type": "request"
    },
    {
      "_id": "wrk_3928f2c8ba554f3fa44e12669e58b9ff",
      "created": 1589191879730,
      "description": "",
      "modified": 1589191879730,
      "name": "Push Server Administration",
      "parentId": null,
      "_type": "workspace"
    },
    {
      "_id": "req_e105a87fd4744fe4b5ccb8a76c5afb27",
      "authentication": {},
      "body": {},
      "created": 1589294635711,
      "description": "",
      "headers": [],
      "isPrivate": false,
      "metaSortKey": -1584142364872.5,
      "method": "GET",
      "modified": 1589296402686,
      "name": "Get Unconfigured Application List",
      "parameters": [],
      "parentId": "wrk_3928f2c8ba554f3fa44e12669e58b9ff",
      "settingDisableRenderRequestBody": false,
      "settingEncodeUrl": true,
      "settingFollowRedirects": "global",
      "settingRebuildPath": true,
      "settingSendCookies": true,
      "settingStoreCookies": true,
      "url": "http://localhost:8080/powerauth-push-server/admin/app/unconfigured/list",
      "_type": "request"
    },
    {
      "_id": "req_97e696bd1049486f8c2c2cb057a49acc",
      "authentication": {},
      "body": {
        "mimeType": "application/json",
        "text": "{\n  \"requestObject\": {\n    \"id\": 1,\n    \"includeIos\": true,\n    \"includeAndroid\": true\n  }\n}"
      },
      "created": 1589296412465,
      "description": "",
      "headers": [
        {
          "id": "pair_7b90439944e74b5a81f24e7953142bca",
          "name": "Content-Type",
          "value": "application/json"
        }
      ],
      "isPrivate": false,
      "metaSortKey": -1584142364847.5,
      "method": "POST",
      "modified": 1589297715957,
      "name": "Get Application Detail",
      "parameters": [],
      "parentId": "wrk_3928f2c8ba554f3fa44e12669e58b9ff",
      "settingDisableRenderRequestBody": false,
      "settingEncodeUrl": true,
      "settingFollowRedirects": "global",
      "settingRebuildPath": true,
      "settingSendCookies": true,
      "settingStoreCookies": true,
      "url": "http://localhost:8080/powerauth-push-server/admin/app/detail",
      "_type": "request"
    },
    {
      "_id": "req_c591c63f7c9247549cc2c29ec9e93767",
      "authentication": {},
      "body": {
        "mimeType": "application/json",
        "text": "{\n  \"requestObject\": {\n    \"appId\": 1\n  }\n}"
      },
      "created": 1589295764590,
      "description": "",
      "headers": [
        {
          "id": "pair_6a5cd7097f684a6d998b7622d7cbdae2",
          "name": "Content-Type",
          "value": "application/json"
        }
      ],
      "isPrivate": false,
      "metaSortKey": -1584142364822.5,
      "method": "POST",
      "modified": 1589297887715,
      "name": "Create an Application",
      "parameters": [],
      "parentId": "wrk_3928f2c8ba554f3fa44e12669e58b9ff",
      "settingDisableRenderRequestBody": false,
      "settingEncodeUrl": true,
      "settingFollowRedirects": "global",
      "settingRebuildPath": true,
      "settingSendCookies": true,
      "settingStoreCookies": true,
      "url": "http://localhost:8080/powerauth-push-server/admin/app/create",
      "_type": "request"
    },
    {
      "_id": "req_7474574bee054befa523685e3d2c86d9",
      "authentication": {},
      "body": {
        "mimeType": "application/json",
        "text": "{\n  \"requestObject\": {\n    \"id\": 1,\n    \"bundle\": \"com.wultra.myApp\",\n    \"keyId\": \"keyId\",\n    \"teamId\": \"teamId\",\n    \"privateKeyBase64\": \"a2V5\"\n  }\n}"
      },
      "created": 1589296640230,
      "description": "",
      "headers": [
        {
          "id": "pair_580f005fa84a4622abfab7973269e9f0",
          "name": "Content-Type",
          "value": "application/json"
        }
      ],
      "isPrivate": false,
      "metaSortKey": -1584142364772.5,
      "method": "POST",
      "modified": 1589298590109,
      "name": "Update APNs Configuration",
      "parameters": [],
      "parentId": "wrk_3928f2c8ba554f3fa44e12669e58b9ff",
      "settingDisableRenderRequestBody": false,
      "settingEncodeUrl": true,
      "settingFollowRedirects": "global",
      "settingRebuildPath": true,
      "settingSendCookies": true,
      "settingStoreCookies": true,
      "url": "http://localhost:8080/powerauth-push-server/admin/app/ios/update",
      "_type": "request"
    },
    {
      "_id": "req_f0658f90cfb64b4f8c49988389d4dc5e",
      "authentication": {},
      "body": {
        "mimeType": "application/json",
        "text": "{\n  \"requestObject\": {\n    \"id\": 1\n  }\n}"
      },
      "created": 1589297730657,
      "description": "",
      "headers": [
        {
          "id": "pair_580f005fa84a4622abfab7973269e9f0",
          "name": "Content-Type",
          "value": "application/json"
        }
      ],
      "isPrivate": false,
      "metaSortKey": -1583511122364.6875,
      "method": "DELETE",
      "modified": 1589298587421,
      "name": "Remove APNs Configuration",
      "parameters": [],
      "parentId": "wrk_3928f2c8ba554f3fa44e12669e58b9ff",
      "settingDisableRenderRequestBody": false,
      "settingEncodeUrl": true,
      "settingFollowRedirects": "global",
      "settingRebuildPath": true,
      "settingSendCookies": true,
      "settingStoreCookies": true,
      "url": "http://localhost:8080/powerauth-push-server/admin/app/ios/remove",
      "_type": "request"
    },
    {
      "_id": "req_46eb4d2da1f24695abb052dcd379dd4d",
      "authentication": {},
      "body": {
        "mimeType": "application/json",
        "text": "{\n  \"requestObject\": {\n    \"id\": 1,\n    \"projectId\": \"projectId\",\n    \"privateKeyBase64\": \"a2V5\"\n  }\n}"
      },
      "created": 1589298188583,
      "description": "",
      "headers": [
        {
          "id": "pair_580f005fa84a4622abfab7973269e9f0",
          "name": "Content-Type",
          "value": "application/json"
        }
      ],
      "isPrivate": false,
      "metaSortKey": -1583353311762.7344,
      "method": "POST",
      "modified": 1589298604541,
      "name": "Update FCM Configuration",
      "parameters": [],
      "parentId": "wrk_3928f2c8ba554f3fa44e12669e58b9ff",
      "settingDisableRenderRequestBody": false,
      "settingEncodeUrl": true,
      "settingFollowRedirects": "global",
      "settingRebuildPath": true,
      "settingSendCookies": true,
      "settingStoreCookies": true,
      "url": "http://localhost:8080/powerauth-push-server/admin/app/android/update",
      "_type": "request"
    },
    {
      "_id": "req_00ebf789c935474291fc65836c1f4fbc",
      "authentication": {},
      "body": {
        "mimeType": "application/json",
        "text": "{\n  \"requestObject\": {\n    \"id\": 1\n  }\n}"
      },
      "created": 1589298310267,
      "description": "",
      "headers": [
        {
          "id": "pair_580f005fa84a4622abfab7973269e9f0",
          "name": "Content-Type",
          "value": "application/json"
        }
      ],
      "isPrivate": false,
      "metaSortKey": -1583195501160.7812,
      "method": "DELETE",
      "modified": 1589298615718,
      "name": "Remove FCM Configuration",
      "parameters": [],
      "parentId": "wrk_3928f2c8ba554f3fa44e12669e58b9ff",
      "settingDisableRenderRequestBody": false,
      "settingEncodeUrl": true,
      "settingFollowRedirects": "global",
      "settingRebuildPath": true,
      "settingSendCookies": true,
      "settingStoreCookies": true,
      "url": "http://localhost:8080/powerauth-push-server/admin/app/android/remove",
      "_type": "request"
    },
    {
      "_id": "env_f3a3eb6d8c0b7a0f5c5c3c2f8ed6cee0f3cdd521",
      "color": null,
      "created": 1589191880110,
      "data": {},
      "dataPropertyOrder": null,
      "isPrivate": false,
      "metaSortKey": 1589191880110,
      "modified": 1589191880110,
      "name": "Base Environment",
      "parentId": "wrk_3928f2c8ba554f3fa44e12669e58b9ff",
      "_type": "environment"
    }
  ]
}